timestamp,value,is_anomaly
0.0,70.0629,0
0.1,69.9549,0
0.2,70.3621,0
0.3,70.1153,0
0.4,69.8159,0
0.5,70.2855,0
0.6,70.7776,0
0.7,70.62,0
0.8,69.8155,0
0.9,69.5555,0
1.0,69.8974,0
1.1,70.2505,0
1.2,69.0882,0
1.3,70.162,0
1.4,69.6692,0
1.5,69.9467,0
1.6,70.0614,0
1.7,70.196,0
1.8,70.5806,0
1.9,70.9166,0
2.0,70.3516,0
2.1,71.1195,0
2.2,70.1241,0
2.3,70.6528,0
2.4,70.9491,0
2.5,70.5646,0
2.6,70.1661,0
2.7,70.0971,0
2.8,70.3492,0
2.9,70.7082,0
3.0,70.1132,0
3.1,70.5333,0
3.2,70.5781,0
3.3,70.9479,0
3.4,70.8045,0
3.5,70.8944,0
3.6,70.4093,0
3.7,70.6909,0
3.8,71.167,0
3.9,71.541,0
4.0,70.1839,0
4.1,71.5895,0
4.2,71.5245,0
4.3,71.2611,0
4.4,71.0215,0
4.5,70.751,0
4.6,71.6556,0
4.7,71.9252,0
4.8,71.8643,0
4.9,71.6394,0
5.0,71.1787,0
5.1,70.4139,0
5.2,71.0338,0
5.3,71.3821,0
5.4,70.4275,0
5.5,71.2868,0
5.6,71.3217,0
5.7,71.4722,0
5.8,70.5494,0
5.9,70.8277,0
6.0,70.9574,0
6.1,70.6075,0
6.2,72.0789,0
6.3,70.9779,0
6.4,71.4068,0
6.5,71.1294,0
6.6,72.0666,0
6.7,71.9511,0
6.8,71.6235,0
6.9,70.2209,0
7.0,71.3643,0
7.1,71.6956,0
7.2,71.8711,0
7.3,71.0753,0
7.4,72.3103,0
7.5,70.754,0
7.6,71.0982,0
7.7,71.911,0
7.8,71.4825,0
7.9,72.4734,0
8.0,71.5805,0
8.1,71.1836,0
8.2,71.3252,0
8.3,70.982,0
8.4,70.9022,0
8.5,71.8695,0
8.6,71.858,0
8.7,72.2276,0
8.8,71.2158,0
8.9,72.4502,0
9.0,71.4743,0
9.1,72.4175,0
9.2,71.4259,0
9.3,71.2864,0
9.4,71.7907,0
9.5,72.1931,0
9.6,71.7692,0
9.7,71.407,0
9.8,71.0401,0
9.9,71.0207,0
10.0,71.9834,0
10.1,72.2373,0
10.2,71.6705,0
10.3,71.2254,0
10.4,72.2089,0
10.5,71.1418,0
10.6,71.4349,0
10.7,72.1111,0
10.8,70.6846,0
10.9,72.0117,0
11.0,71.5363,0
11.1,71.8901,0
11.2,71.8059,0
11.3,71.9528,0
11.4,72.2066,0
11.5,71.488,0
11.6,72.5851,0
11.7,72.2448,0
11.8,72.3106,0
11.9,72.478,0
12.0,72.2959,0
12.1,72.3305,0
12.2,71.9524,0
12.3,71.2072,0
12.4,71.8588,0
12.5,71.5471,0
12.6,71.2258,0
12.7,72.0715,0
12.8,71.6629,0
12.9,71.4369,0
13.0,71.4348,0
13.1,72.0948,0
13.2,72.1439,0
13.3,72.6296,0
13.4,71.965,0
13.5,72.4963,0
13.6,72.6797,0
13.7,72.5566,0
13.8,70.8016,0
13.9,72.6011,0
14.0,72.1589,0
14.1,72.203,0
14.2,72.1786,0
14.3,72.186,0
14.4,72.1558,0
14.5,71.8178,0
14.6,71.0474,0
14.7,71.9446,0
14.8,71.5977,0
14.9,72.54,0
15.0,71.8556,0
15.1,72.0416,0
15.2,71.5748,0
15.3,71.7437,0
15.4,71.9925,0
15.5,71.2546,0
15.6,72.1464,0
15.7,71.9416,0
15.8,71.4001,0
15.9,70.792,0
16.0,72.2456,0
16.1,71.838,0
16.2,71.7192,0
16.3,71.8634,0
16.4,72.8868,0
16.5,71.9505,0
16.6,72.0153,0
16.7,71.2249,0
16.8,72.7882,0
16.9,72.4193,0
17.0,72.4898,0
17.1,71.9757,0
17.2,72.4055,0
17.3,72.1277,0
17.4,72.2438,0
17.5,71.8558,0
17.6,71.1894,0
17.7,72.435,0
17.8,70.9472,0
17.9,71.7885,0
18.0,71.7999,0
18.1,71.3741,0
18.2,72.1953,0
18.3,71.7816,0
18.4,71.6561,0
18.5,72.1271,0
18.6,71.6213,0
18.7,72.5462,0
18.8,72.0195,0
18.9,71.5983,0
19.0,70.855,0
19.1,71.1646,0
19.2,72.3531,0
19.3,71.7753,0
19.4,71.6499,0
19.5,72.6036,0
19.6,71.1311,0
19.7,71.4698,0
19.8,71.5163,0
19.9,72.0356,0
20.0,71.4003,0
20.1,71.4148,0
20.2,70.9082,0
20.3,72.0645,0
20.4,72.0917,0
20.5,71.4392,0
20.6,71.7475,0
20.7,71.0078,0
20.8,71.4064,0
20.9,72.3192,0
21.0,71.6859,0
21.1,72.7608,0
21.2,71.1995,0
21.3,71.8705,0
21.4,71.4696,0
21.5,71.8372,0
21.6,71.5374,0
21.7,71.247,0
21.8,71.0802,0
21.9,73.0332,0
22.0,71.4476,0
22.1,70.4639,0
22.2,71.1336,0
22.3,71.7825,0
22.4,71.1789,0
22.5,72.0944,0
22.6,71.9005,0
22.7,71.3081,0
22.8,71.133,0
22.9,70.8514,0
23.0,70.9883,0
23.1,70.5861,0
23.2,71.909,0
23.3,72.0863,0
23.4,70.6468,0
23.5,70.6678,0
23.6,70.358,0
23.7,70.7439,0
23.8,69.656,0
23.9,70.6213,0
24.0,71.824,0
24.1,70.9857,0
24.2,71.5687,0
24.3,70.8797,0
24.4,71.9871,0
24.5,71.1889,0
24.6,70.8807,0
24.7,72.3301,0
24.8,70.8738,0
24.9,70.4075,0
25.0,71.101,0
25.1,70.9624,0
25.2,71.4967,0
25.3,70.4843,0
25.4,71.329,0
25.5,71.3344,0
25.6,70.5554,0
25.7,70.9521,0
25.8,70.4362,0
25.9,72.0055,0
26.0,70.4614,0
26.1,70.5678,0
26.2,70.2421,0
26.3,70.5826,0
26.4,70.7333,0
26.5,71.1006,0
26.6,70.3919,0
26.7,70.5846,0
26.8,69.9495,0
26.9,70.2242,0
27.0,71.9959,0
27.1,71.1187,0
27.2,70.1874,0
27.3,69.8893,0
27.4,70.05,0
27.5,70.5068,0
27.6,70.5147,0
27.7,70.1049,0
27.8,69.8134,0
27.9,71.1475,0
28.0,70.6417,0
28.1,70.208,0
28.2,70.2644,0
28.3,70.0894,0
28.4,68.8655,0
28.5,70.3707,0
28.6,69.7569,0
28.7,69.7701,0
28.8,69.9305,0
28.9,70.596,0
29.0,69.6238,0
29.1,69.4711,0
29.2,70.4873,0
29.3,70.5237,0
29.4,69.6461,0
29.5,82.6272,1
29.6,84.8674,1
29.7,87.5439,1
29.8,82.5058,1
29.9,85.5385,1
30.0,53.6709,1
30.1,87.0249,1
30.2,54.4984,1
30.3,86.2025,1
30.4,56.4038,1
30.5,56.0899,1
30.6,56.8295,1
30.7,82.7768,1
30.8,53.1309,1
30.9,85.3053,1
31.0,53.398,1
31.1,85.268,1
31.2,83.8223,1
31.3,87.1611,1
31.4,56.9348,1
31.5,81.7938,1
31.6,86.1552,1
31.7,56.5232,1
31.8,53.9178,1
31.9,82.778,1
32.0,54.2137,1
32.1,82.7052,1
32.2,84.3847,1
32.3,84.9758,1
32.4,81.6755,1
32.5,84.4483,1
32.6,82.9934,1
32.7,51.7825,1
32.8,55.4336,1
32.9,86.0672,1
33.0,85.4943,1
33.1,52.0272,1
33.2,85.5214,1
33.3,83.8868,1
33.4,51.5718,1
33.5,69.5489,0
33.6,69.3083,0
33.7,70.0414,0
33.8,68.6772,0
33.9,69.387,0
34.0,69.4085,0
34.1,68.9872,0
34.2,69.4402,0
34.3,68.4103,0
34.4,70.1701,0
34.5,68.421,0
34.6,69.5333,0
34.7,68.4943,0
34.8,69.6119,0
34.9,68.8258,0
35.0,69.0792,0
35.1,69.0086,0
35.2,69.5143,0
35.3,68.7853,0
35.4,67.4448,0
35.5,68.5307,0
35.6,68.9851,0
35.7,68.6556,0
35.8,69.2435,0
35.9,69.3491,0
36.0,68.7505,0
36.1,68.0627,0
36.2,69.4829,0
36.3,69.3157,0
36.4,68.6081,0
36.5,69.7955,0
36.6,68.5507,0
36.7,68.1405,0
36.8,68.6152,0
36.9,69.2163,0
37.0,68.193,0
37.1,69.6219,0
37.2,68.1826,0
37.3,69.0929,0
37.4,68.8729,0
37.5,68.5088,0
37.6,69.1113,0
37.7,67.8066,0
37.8,69.2208,0
37.9,68.496,0
38.0,68.2425,0
38.1,68.8744,0
38.2,69.016,0
38.3,68.8573,0
38.4,69.4587,0
38.5,68.9861,0
38.6,69.0744,0
38.7,68.1498,0
38.8,68.4602,0
38.9,68.6759,0
39.0,68.3731,0
39.1,68.5206,0
39.2,68.5708,0
39.3,68.768,0
39.4,68.2834,0
39.5,68.1478,0
39.6,67.8972,0
39.7,67.8543,0
39.8,68.8755,0
39.9,68.2363,0
40.0,68.6614,0
40.1,67.6089,0
40.2,67.2783,0
40.3,67.7128,0
40.4,68.8009,0
40.5,68.752,0
40.6,68.3746,0
40.7,67.7983,0
40.8,68.1249,0
40.9,68.0326,0
41.0,68.0004,0
41.1,66.9115,0
41.2,67.7273,0
41.3,68.0532,0
41.4,68.8987,0
41.5,68.2132,0
41.6,68.8259,0
41.7,67.9214,0
41.8,67.9849,0
41.9,66.1548,0
42.0,68.3296,0
42.1,68.3651,0
42.2,68.9672,0
42.3,67.836,0
42.4,68.1208,0
42.5,67.7154,0
42.6,67.4747,0
42.7,67.7012,0
42.8,67.8803,0
42.9,68.7259,0
43.0,68.0448,0
43.1,67.6442,0
43.2,68.1064,0
43.3,68.1404,0
43.4,67.6899,0
43.5,68.5962,0
43.6,67.0773,0
43.7,67.9117,0
43.8,68.3483,0
43.9,67.344,0
44.0,68.1916,0
44.1,68.6553,0
44.2,68.2338,0
44.3,67.1603,0
44.4,67.6398,0
44.5,68.6189,0
44.6,68.1509,0
44.7,67.9961,0
44.8,68.221,0
44.9,68.3606,0
45.0,67.6458,0
45.1,67.8549,0
45.2,68.0719,0
45.3,67.729,0
45.4,67.935,0
45.5,68.6517,0
45.6,67.52,0
45.7,68.9687,0
45.8,68.9467,0
45.9,67.1522,0
46.0,67.9404,0
46.1,68.1846,0
46.2,67.6353,0
46.3,67.648,0
46.4,67.9027,0
46.5,68.3942,0
46.6,67.7723,0
46.7,68.945,0
46.8,68.1804,0
46.9,67.9882,0
47.0,68.7683,0
47.1,68.3613,0
47.2,68.2375,0
47.3,67.8922,0
47.4,68.9698,0
47.5,68.4741,0
47.6,67.972,0
47.7,67.2908,0
47.8,68.2718,0
47.9,67.5196,0
48.0,67.2399,0
48.1,67.9649,0
48.2,68.252,0
48.3,68.7595,0
48.4,68.2667,0
48.5,68.5358,0
48.6,67.5275,0
48.7,68.137,0
48.8,68.2184,0
48.9,68.5956,0
49.0,68.2309,0
49.1,68.5836,0
49.2,67.9382,0
49.3,68.3783,0
49.4,68.416,0
49.5,67.5931,0
49.6,68.3154,0
49.7,68.0772,0
49.8,67.2953,0
49.9,68.7368,0
50.0,68.087,0
50.1,67.8523,0
50.2,68.1006,0
50.3,68.3693,0
50.4,69.0653,0
50.5,68.2397,0
50.6,68.5704,0
50.7,69.0326,0
50.8,68.6245,0
50.9,68.904,0
51.0,68.1437,0
51.1,68.7799,0
51.2,68.378,0
51.3,68.9569,0
51.4,67.9308,0
51.5,68.0559,0
51.6,69.0933,0
51.7,68.3744,0
51.8,68.3065,0
51.9,68.5386,0
52.0,68.169,0
52.1,69.1938,0
52.2,67.9175,0
52.3,68.4812,0
52.4,68.7445,0
52.5,68.5336,0
52.6,68.1995,0
52.7,68.1815,0
52.8,68.8436,0
52.9,68.131,0
53.0,68.9849,0
53.1,67.9153,0
53.2,68.4157,0
53.3,68.7272,0
53.4,68.0991,0
53.5,69.0674,0
53.6,68.7484,0
53.7,68.2561,0
53.8,68.0314,0
53.9,68.0248,0
54.0,68.8499,0
54.1,68.263,0
54.2,68.1761,0
54.3,68.7602,0
54.4,70.032,0
54.5,69.0495,0
54.6,69.3098,0
54.7,69.0524,0
54.8,69.3554,0
54.9,68.3104,0
55.0,68.7847,0
55.1,69.1489,0
55.2,69.0275,0
55.3,68.9589,0
55.4,68.7405,0
55.5,68.9628,0
55.6,68.7236,0
55.7,67.9186,0
55.8,68.5512,0
55.9,69.4053,0
56.0,69.9651,0
56.1,70.1125,0
56.2,69.2733,0
56.3,69.691,0
56.4,69.7177,0
56.5,68.9371,0
56.6,68.4539,0
56.7,69.338,0
56.8,68.4612,0
56.9,69.2021,0
57.0,69.686,0
57.1,68.6919,0
57.2,69.4381,0
57.3,70.062,0
57.4,69.6429,0
57.5,69.7435,0
57.6,69.956,0
57.7,70.3894,0
57.8,69.619,0
57.9,70.1785,0
58.0,69.5521,0
58.1,69.3316,0
58.2,69.7826,0
58.3,69.3429,0
58.4,69.3799,0
58.5,69.3833,0
58.6,68.5601,0
58.7,69.7813,0
58.8,69.1174,0
58.9,69.7165,0
59.0,70.5159,0
59.1,69.5513,0
59.2,69.5616,0
59.3,70.5355,0
59.4,70.1476,0
59.5,82.7803,1
59.6,53.5775,1
59.7,53.4631,1
59.8,84.628,1
59.9,56.7077,1
60.0,54.1575,1
60.1,85.2471,1
60.2,83.5614,1
60.3,53.6246,1
60.4,86.6726,1
60.5,55.7106,1
60.6,82.8651,1
60.7,85.5657,1
60.8,52.7629,1
60.9,86.0467,1
61.0,84.4717,1
61.1,88.6182,1
61.2,88.2416,1
61.3,82.356,1
61.4,84.4465,1
61.5,87.6805,1
61.6,85.3767,1
61.7,55.4302,1
61.8,85.2981,1
61.9,87.3057,1
62.0,57.5941,1
62.1,86.0512,1
62.2,57.125,1
62.3,87.2071,1
62.4,88.5105,1
62.5,87.1025,1
62.6,53.4851,1
62.7,85.2381,1
62.8,86.3908,1
62.9,82.667,1
63.0,52.1442,1
63.1,57.7645,1
63.2,87.6828,1
63.3,86.4849,1
63.4,53.3723,1
63.5,71.3511,0
63.6,71.0228,0
63.7,71.9475,0
63.8,70.8775,0
63.9,71.205,0
64.0,70.4443,0
64.1,71.3997,0
64.2,70.9355,0
64.3,70.6449,0
64.4,71.9477,0
64.5,70.7556,0
64.6,70.931,0
64.7,70.8465,0
64.8,70.5857,0
64.9,71.2474,0
65.0,71.3692,0
65.1,71.1953,0
65.2,69.8558,0
65.3,71.5579,0
65.4,70.8965,0
65.5,70.4811,0
65.6,71.4084,0
65.7,71.4056,0
65.8,70.6199,0
65.9,72.3948,0
66.0,70.5708,0
66.1,70.3259,0
66.2,70.6321,0
66.3,71.9362,0
66.4,71.1544,0
66.5,71.0726,0
66.6,71.2438,0
66.7,70.9926,0
66.8,70.9617,0
66.9,71.002,0
67.0,71.6922,0
67.1,71.864,0
67.2,70.8415,0
67.3,71.5039,0
67.4,71.7934,0
67.5,70.8733,0
67.6,71.1777,0
67.7,70.9245,0
67.8,70.8124,0
67.9,71.5231,0
68.0,71.1182,0
68.1,71.8158,0
68.2,71.4993,0
68.3,71.7339,0
68.4,71.3949,0
68.5,71.2368,0
68.6,71.5221,0
68.7,71.5778,0
68.8,71.2401,0
68.9,71.8189,0
69.0,71.9913,0
69.1,71.7093,0
69.2,72.499,0
69.3,71.338,0
69.4,71.9261,0
69.5,71.473,0
69.6,71.806,0
69.7,71.2848,0
69.8,72.2683,0
69.9,71.8095,0
70.0,72.3282,0
70.1,71.1094,0
70.2,71.5059,0
70.3,71.3163,0
70.4,71.5064,0
70.5,71.4357,0
70.6,71.7312,0
70.7,71.792,0
70.8,71.7892,0
70.9,71.5407,0
71.0,71.9208,0
71.1,72.2733,0
71.2,71.3926,0
71.3,71.8522,0
71.4,71.8225,0
71.5,72.1013,0
71.6,71.8426,0
71.7,71.8739,0
71.8,71.3932,0
71.9,71.9064,0
72.0,71.4412,0
72.1,72.1663,0
72.2,71.863,0
72.3,71.9405,0
72.4,71.4807,0
72.5,72.3337,0
72.6,72.2833,0
72.7,72.373,0
72.8,73.0609,0
72.9,71.9256,0
73.0,72.558,0
73.1,71.8986,0
73.2,72.1616,0
73.3,72.1511,0
73.4,72.1043,0
73.5,72.3045,0
73.6,71.8266,0
73.7,72.002,0
73.8,72.2519,0
73.9,72.8607,0
74.0,71.5679,0
74.1,71.0881,0
74.2,71.7509,0
74.3,72.0396,0
74.4,72.0835,0
74.5,72.0434,0
74.6,72.5896,0
74.7,72.487,0
74.8,71.9749,0
74.9,71.7651,0
75.0,71.827,0
75.1,71.8217,0
75.2,71.8868,0
75.3,71.2127,0
75.4,71.7677,0
75.5,71.7848,0
75.6,71.9016,0
75.7,71.8675,0
75.8,72.329,0
75.9,71.7252,0
76.0,71.7698,0
76.1,72.2577,0
76.2,71.8666,0
76.3,72.0897,0
76.4,72.3132,0
76.5,72.1864,0
76.6,72.0971,0
76.7,71.8702,0
76.8,72.3055,0
76.9,72.0483,0
77.0,71.7039,0
77.1,71.8764,0
77.2,71.3381,0
77.3,71.4615,0
77.4,70.9957,0
77.5,71.5919,0
77.6,72.5941,0
77.7,71.6423,0
77.8,72.3084,0
77.9,71.9068,0
78.0,71.5518,0
78.1,72.5647,0
78.2,72.1799,0
78.3,71.0059,0
78.4,72.3953,0
78.5,71.3298,0
78.6,71.7706,0
78.7,72.1858,0
78.8,71.6938,0
78.9,72.395,0
79.0,72.2077,0
79.1,71.03,0
79.2,71.5734,0
79.3,71.9417,0
79.4,71.5039,0
79.5,71.6739,0
79.6,72.1723,0
79.7,71.921,0
79.8,71.2923,0
79.9,71.8297,0
80.0,71.4259,0
80.1,71.1139,0
80.2,71.1457,0
80.3,71.8433,0
80.4,71.6746,0
80.5,71.6801,0
80.6,71.0927,0
80.7,71.5622,0
80.8,71.1237,0
80.9,71.1671,0
81.0,71.5355,0
81.1,70.9139,0
81.2,71.9277,0
81.3,72.8238,0
81.4,71.7968,0
81.5,71.0328,0
81.6,71.4054,0
81.7,70.7499,0
81.8,71.3252,0
81.9,71.7539,0
82.0,71.781,0
82.1,70.9563,0
82.2,71.6075,0
82.3,72.0217,0
82.4,72.3065,0
82.5,71.0638,0
82.6,70.9672,0
82.7,71.4115,0
82.8,69.905,0
82.9,71.0882,0
83.0,71.2028,0
83.1,71.093,0
83.2,70.5149,0
83.3,71.1681,0
83.4,70.8865,0
83.5,71.6374,0
83.6,70.7831,0
83.7,71.0846,0
83.8,71.0927,0
83.9,71.4762,0
84.0,69.9026,0
84.1,70.9882,0
84.2,71.5212,0
84.3,70.9433,0
84.4,70.3433,0
84.5,71.2526,0
84.6,71.24,0
84.7,70.9187,0
84.8,70.4562,0
84.9,70.6477,0
85.0,70.8431,0
85.1,70.544,0
85.2,70.0034,0
85.3,70.5605,0
85.4,70.8957,0
85.5,70.6545,0
85.6,70.8515,0
85.7,70.9123,0
85.8,71.2998,0
85.9,71.9345,0
86.0,71.1794,0
86.1,70.0921,0
86.2,69.4466,0
86.3,70.7085,0
86.4,70.7719,0
86.5,70.1358,0
86.6,70.8332,0
86.7,70.294,0
86.8,70.8591,0
86.9,70.4752,0
87.0,70.8168,0
87.1,69.7265,0
87.2,70.3588,0
87.3,70.4837,0
87.4,69.8254,0
87.5,71.4588,0
87.6,70.227,0
87.7,71.1721,0
87.8,70.1245,0
87.9,70.3213,0
88.0,71.0078,0
88.1,70.5472,0
88.2,70.4708,0
88.3,70.4871,0
88.4,69.6505,0
88.5,70.1181,0
88.6,69.8139,0
88.7,70.3701,0
88.8,69.9787,0
88.9,70.2078,0
89.0,70.1704,0
89.1,70.17,0
89.2,70.15,0
89.3,69.8203,0
89.4,69.5986,0
89.5,69.7725,0
89.6,83.7484,1
89.7,56.7527,1
89.8,86.2696,1
89.9,82.9217,1
90.0,84.5919,1
90.1,86.186,1
90.2,83.3969,1
90.3,82.9058,1
90.4,56.6883,1
90.5,56.5714,1
90.6,52.6433,1
90.7,86.7554,1
90.8,87.4688,1
90.9,57.1771,1
91.0,87.6897,1
91.1,83.1775,1
91.2,56.2805,1
91.3,85.2841,1
91.4,56.0599,1
91.5,55.9241,1
91.6,85.9437,1
91.7,52.854,1
91.8,56.0984,1
91.9,54.4802,1
92.0,84.282,1
92.1,56.0713,1
92.2,81.5245,1
92.3,56.1198,1
92.4,55.3099,1
92.5,86.4698,1
92.6,57.2274,1
92.7,56.7203,1
92.8,84.3671,1
92.9,52.9087,1
93.0,52.9963,1
93.1,82.2465,1
93.2,85.6517,1
93.3,53.9286,1
93.4,85.1138,1
93.5,52.1943,1
93.6,68.7517,0
93.7,69.5696,0
93.8,69.1747,0
93.9,69.4418,0
94.0,68.873,0
94.1,69.768,0
94.2,69.2203,0
94.3,69.7234,0
94.4,69.4474,0
94.5,69.1746,0
94.6,68.8341,0
94.7,69.0707,0
94.8,69.4505,0
94.9,69.367,0
95.0,68.4022,0
95.1,69.4948,0
95.2,68.857,0
95.3,69.3537,0
95.4,68.5796,0
95.5,69.2296,0
95.6,68.4949,0
95.7,68.9405,0
95.8,68.7096,0
95.9,68.6987,0
96.0,68.5411,0
96.1,68.7308,0
96.2,67.9205,0
96.3,69.2125,0
96.4,69.2385,0
96.5,68.52,0
96.6,68.0353,0
96.7,68.3857,0
96.8,69.167,0
96.9,68.9901,0
97.0,68.5116,0
97.1,69.0949,0
97.2,68.1102,0
97.3,68.3094,0
97.4,68.838,0
97.5,68.5378,0
97.6,68.2764,0
97.7,67.3004,0
97.8,68.8777,0
97.9,68.6897,0
98.0,67.6422,0
98.1,68.7999,0
98.2,68.4788,0
98.3,68.6118,0
98.4,68.9316,0
98.5,68.0758,0
98.6,68.7894,0
98.7,68.7616,0
98.8,68.7877,0
98.9,69.2123,0
99.0,68.7113,0
99.1,68.089,0
99.2,69.2569,0
99.3,67.7922,0
99.4,68.1028,0
99.5,67.8404,0
99.6,68.26,0
99.7,68.8413,0
99.8,68.9382,0
99.9,68.5103,0
100.0,67.9633,0
100.1,67.9808,0
100.2,67.9458,0
100.3,68.7138,0
100.4,67.7743,0
100.5,68.6503,0
100.6,68.1923,0
100.7,68.2854,0
100.8,68.9462,0
100.9,67.9439,0
101.0,69.0038,0
101.1,67.4598,0
101.2,67.7439,0
101.3,67.3591,0
101.4,67.7671,0
101.5,68.4243,0
101.6,68.4943,0
101.7,68.2716,0
101.8,68.2448,0
101.9,67.5178,0
102.0,67.4345,0
102.1,68.2435,0
102.2,68.7593,0
102.3,67.8973,0
102.4,67.4394,0
102.5,67.3015,0
102.6,67.7225,0
102.7,68.8475,0
102.8,67.949,0
102.9,67.5292,0
103.0,67.739,0
103.1,67.7977,0
103.2,68.1682,0
103.3,67.7016,0
103.4,67.583,0
103.5,67.9306,0
103.6,68.2558,0
103.7,68.377,0
103.8,68.291,0
103.9,67.7845,0
104.0,67.1634,0
104.1,67.6096,0
104.2,68.1491,0
104.3,67.3386,0
104.4,68.1303,0
104.5,67.7078,0
104.6,67.7107,0
104.7,68.5607,0
104.8,68.1098,0
104.9,68.6852,0
105.0,67.5304,0
105.1,68.5655,0
105.2,68.455,0
105.3,66.5035,0
105.4,67.9576,0
105.5,68.7739,0
105.6,68.393,0
105.7,67.7847,0
105.8,67.8906,0
105.9,67.3574,0
106.0,68.1141,0
106.1,67.1167,0
106.2,67.5081,0
106.3,68.5781,0
106.4,68.0112,0
106.5,67.8429,0
106.6,67.9751,0
106.7,69.4026,0
106.8,68.553,0
106.9,67.6516,0
107.0,68.8771,0
107.1,68.0038,0
107.2,68.4227,0
107.3,67.7644,0
107.4,67.5939,0
107.5,68.4691,0
107.6,67.6892,0
107.7,67.6888,0
107.8,68.5343,0
107.9,67.5105,0
108.0,67.3883,0
108.1,68.377,0
108.2,67.1313,0
108.3,67.7424,0
108.4,67.9426,0
108.5,67.4602,0
108.6,67.5818,0
108.7,68.4812,0
108.8,68.3025,0
108.9,67.6916,0
109.0,68.4377,0
109.1,68.9412,0
109.2,67.5491,0
109.3,68.23,0
109.4,69.1969,0
109.5,68.5236,0
109.6,68.6343,0
109.7,68.1373,0
109.8,67.8484,0
109.9,68.8293,0
110.0,68.5948,0
110.1,68.2528,0
110.2,68.0566,0
110.3,67.4264,0
110.4,68.3893,0
110.5,67.9768,0
110.6,68.2682,0
110.7,68.6813,0
110.8,68.7677,0
110.9,68.7292,0
111.0,69.5095,0
111.1,68.9769,0
111.2,68.0339,0
111.3,68.0105,0
111.4,69.5967,0
111.5,68.114,0
111.6,68.4369,0
111.7,69.3448,0
111.8,69.3437,0
111.9,68.4725,0
112.0,68.6347,0
112.1,67.7103,0
112.2,68.0879,0
112.3,68.3738,0
112.4,68.5682,0
112.5,68.4241,0
112.6,68.6768,0
112.7,69.7121,0
112.8,68.8631,0
112.9,68.8006,0
113.0,68.6627,0
113.1,68.5914,0
113.2,69.3096,0
113.3,68.2135,0
113.4,68.6624,0
113.5,68.1935,0
113.6,68.8013,0
113.7,68.8337,0
113.8,69.2511,0
113.9,69.4064,0
114.0,69.156,0
114.1,69.6526,0
114.2,69.6528,0
114.3,69.0335,0
114.4,69.0799,0
114.5,67.9426,0
114.6,69.0885,0
114.7,68.9435,0
114.8,68.1197,0
114.9,68.7662,0
115.0,69.4787,0
115.1,68.3988,0
115.2,69.683,0
115.3,69.2923,0
115.4,68.9592,0
115.5,69.0209,0
115.6,69.5257,0
115.7,68.4138,0
115.8,70.1688,0
115.9,68.7607,0
116.0,68.8039,0
116.1,69.8161,0
116.2,69.62,0
116.3,69.907,0
116.4,69.7867,0
116.5,69.4715,0
116.6,68.6647,0
116.7,69.0861,0
116.8,69.4415,0
116.9,69.3535,0
117.0,68.3556,0
117.1,69.9241,0
117.2,70.2875,0
117.3,70.1741,0
117.4,68.9532,0
117.5,69.7003,0
117.6,68.4394,0
117.7,70.3679,0
117.8,68.5734,0
117.9,69.769,0
118.0,70.1655,0
118.1,70.2503,0
118.2,69.7972,0
118.3,68.933,0
118.4,69.6159,0
118.5,69.553,0
118.6,69.892,0
118.7,70.2224,0
118.8,70.0804,0
118.9,70.8309,0
119.0,70.1215,0
119.1,69.6174,0
119.2,70.6476,0
119.3,69.6963,0
119.4,70.0154,0
119.5,69.9857,0
119.6,68.7696,0
119.7,70.0756,0
119.8,70.1028,0
119.9,69.8742,0
